<Ui xmlns="http://www.blizzard.com/wow/ui/" xmlns:xsi="http://www.w3.org/2001/XMLSchema-instance" xsi:schemaLocation="http://www.blizzard.com/wow/ui/
C:\Projects\WoW\Bin\Interface\FrameXML\UI.xsd">
	<Script file="CrashProofer.lua"/>
	<Frame name="CrashProoferFrame">
		<Scripts>
			<OnLoad>
				CrashProofer_OnLoad();
			</OnLoad>
			<OnEvent>
				CrashProofer_OnEvent(event);
                        </OnEvent>
                        <OnUpdate>
                                CrashProofer_OnUpdate()
                        </OnUpdate>
		</Scripts>
	</Frame>
</Ui>
